{"cameraMode":{"drawMode":0,"name":"Shaded","section":"Shading Mode"},"sceneLighting":true,"audioPlay":false,"sceneViewState":{"m_AlwaysRefresh":false,"showFog":true,"showSkybox":true,"showFlares":true,"showImageEffects":true,"showParticleSystems":true,"showVisualEffectGraphs":true,"m_FxEnabled":true},"in2DMode":false,"pivot":{"x":-0.3658024072647095,"y":-2.2508349418640138,"z":20.809913635253908},"rotation":{"x":0.043796002864837649,"y":0.00030987412901595235,"z":-0.000015556775906588882,"w":0.9990554451942444},"size":17.655529022216798,"orthographic":false}