{"cameraMode":{"drawMode":0,"name":"Shaded","section":"Shading Mode"},"sceneLighting":true,"audioPlay":false,"sceneViewState":{"m_AlwaysRefresh":false,"showFog":true,"showSkybox":true,"showFlares":true,"showImageEffects":true,"showParticleSystems":true,"showVisualEffectGraphs":true,"m_FxEnabled":true},"in2DMode":false,"pivot":{"x":0.08119058609008789,"y":0.651714026927948,"z":-10.531498908996582},"rotation":{"x":-0.09542351216077805,"y":0.1647109091281891,"z":-0.016036013141274453,"w":-0.9816184043884277},"size":0.4772112965583801,"orthographic":false}